{
    "54d79446e565d": {
        "id": "54d79446e565d",
        "title": "Broken House",
        "description": "This is a gallery of broken hause",
        "tag": "Design",
        "image": "bc3fd35ec2af026daf874cd14ccc63ef5b75688f.jpg",
        "width": "250",
        "height": "180"
    },
    "54d794ac046b1": {
        "id": "54d794ac046b1",
        "title": "Nice city",
        "description": "This is a gallery of nice city",
        "tag": "City",
        "image": "30b442410d3d1c10266f6172f86782565d2bf791.jpg",
        "width": "250",
        "height": "180"
    },
    "54d7b5a3232c7": {
        "id": "54d7b5a3232c7",
        "title": "Awesome T-shirts",
        "description": "This is a sample demo of awesome t-shirts",
        "tag": "Shirts",
        "image": "4655246677af2018cc1acd645f705e6be8ad6f19.jpg",
        "width": "250",
        "height": "180"
    }
}